{"client_meta":{"background_color":{"r":0.9607843160629272,"g":0.9607843160629272,"b":0.9607843160629272,"a":1},"thumbnail_size":{"width":400,"height":215},"render_coordinates":{"x":-1460,"y":-786,"width":2920,"height":1572}},"file_name":"Dashboard","developer_related_links":[]}